Tags,Category
Wheat / Grain / Harvest,Sales of Wheat
Wheat,Sales of Wheat
Wheat / Grain,Sales of Wheat
Wheat / Harvest,Sales of Wheat
Grain,Sales of Wheat
Grain / Harvest,Sales of Wheat
Harvest,Sales of Wheat
Wool / Lamb Products / Animal Products,Sales of Livestock Produce Grains & Other Products
Wool,Sales of Livestock Produce Grains & Other Products
Wool / Lamb Products,Sales of Livestock Produce Grains & Other Products
Wool / Animal Products,Sales of Livestock Produce Grains & Other Products
Lamb Products,Sales of Livestock Produce Grains & Other Products
Lamb Products / Animal Products,Sales of Livestock Produce Grains & Other Products
Animal Products,Sales of Livestock Produce Grains & Other Products
Coop / Rebate / Patronage Dividends,Coop Distributions Received
Coop,Coop Distributions Received
Coop / Rebate,Coop Distributions Received
Coop / Patronage Dividends,Coop Distributions Received
Rebate,Coop Distributions Received
Rebate / Patronage Dividends,Coop Distributions Received
Patronage Dividends,Coop Distributions Received
Insurance Payout,Crop Insurance Proceeds
Baling Alfalfa Hay / Baling,Custom Hire (Machine Work)
Baling Alfalfa Hay,Custom Hire (Machine Work)
Baling,Custom Hire (Machine Work)
Lubricant / Lube / Oil / Oil Change / Repair / Car Repair,Car & Truck Expense
Lubricant,Car & Truck Expense
Lubricant / Lube,Car & Truck Expense
Lubricant / Oil,Car & Truck Expense
Lubricant / Oil Change,Car & Truck Expense
Lubricant / Repair,Car & Truck Expense
Lubricant / Car Repair,Car & Truck Expense
Lubricant / Lube / Oil,Car & Truck Expense
Lubricant / Lube / Oil Change,Car & Truck Expense
Lubricant / Lube / Repair,Car & Truck Expense
Lubricant / Lube / Car Repair,Car & Truck Expense
Lubricant / Oil / Oil Change,Car & Truck Expense
Lubricant / Oil / Repair,Car & Truck Expense
Lubricant / Oil / Car Repair,Car & Truck Expense
Lubricant / Oil Change / Repair,Car & Truck Expense
Lubricant / Oil Change / Car Repair,Car & Truck Expense
Lubricant / Repair / Car Repair,Car & Truck Expense
Lubricant / Lube / Oil / Oil Change,Car & Truck Expense
Lubricant / Lube / Oil / Repair,Car & Truck Expense
Lubricant / Lube / Oil / Car Repair,Car & Truck Expense
Lubricant / Lube / Oil Change / Repair,Car & Truck Expense
Lubricant / Lube / Oil Change / Car Repair,Car & Truck Expense
Lubricant / Lube / Repair / Car Repair,Car & Truck Expense
Lubricant / Oil / Oil Change / Repair,Car & Truck Expense
Lubricant / Oil / Oil Change / Car Repair,Car & Truck Expense
Lubricant / Oil / Repair / Car Repair,Car & Truck Expense
Lubricant / Oil Change / Repair / Car Repair,Car & Truck Expense
Lubricant / Lube / Oil / Oil Change / Repair,Car & Truck Expense
Lubricant / Lube / Oil / Oil Change / Car Repair,Car & Truck Expense
Lubricant / Lube / Oil / Repair / Car Repair,Car & Truck Expense
Lubricant / Lube / Oil Change / Repair / Car Repair,Car & Truck Expense
Lubricant / Oil / Oil Change / Repair / Car Repair,Car & Truck Expense
Lube,Car & Truck Expense
Lube / Oil,Car & Truck Expense
Lube / Oil Change,Car & Truck Expense
Lube / Repair,Car & Truck Expense
Lube / Car Repair,Car & Truck Expense
Lube / Oil / Oil Change,Car & Truck Expense
Lube / Oil / Repair,Car & Truck Expense
Lube / Oil / Car Repair,Car & Truck Expense
Lube / Oil Change / Repair,Car & Truck Expense
Lube / Oil Change / Car Repair,Car & Truck Expense
Lube / Repair / Car Repair,Car & Truck Expense
Lube / Oil / Oil Change / Repair,Car & Truck Expense
Lube / Oil / Oil Change / Car Repair,Car & Truck Expense
Lube / Oil / Repair / Car Repair,Car & Truck Expense
Lube / Oil Change / Repair / Car Repair,Car & Truck Expense
Lube / Oil / Oil Change / Repair / Car Repair,Car & Truck Expense
Oil,Car & Truck Expense
Oil / Oil Change,Car & Truck Expense
Oil / Repair,Car & Truck Expense
Oil / Car Repair,Car & Truck Expense
Oil / Oil Change / Repair,Car & Truck Expense
Oil / Oil Change / Car Repair,Car & Truck Expense
Oil / Repair / Car Repair,Car & Truck Expense
Oil / Oil Change / Repair / Car Repair,Car & Truck Expense
Oil Change,Car & Truck Expense
Oil Change / Repair,Car & Truck Expense
Oil Change / Car Repair,Car & Truck Expense
Oil Change / Repair / Car Repair,Car & Truck Expense
Repair,Car & Truck Expense
Repair / Car Repair,Car & Truck Expense
Car Repair,Car & Truck Expense
Parking / Car Parking / Vehicle Storage,Car & Truck Expense
Parking,Car & Truck Expense
Parking / Car Parking,Car & Truck Expense
Parking / Vehicle Storage,Car & Truck Expense
Car Parking / Vehicle Storage,Car & Truck Expense
Vehicle Storage,Car & Truck Expense
Toll / Bridge Toll / Road Toll,Car & Truck Expense
Toll,Car & Truck Expense
Toll / Bridge Toll,Car & Truck Expense
Toll / Road Toll,Car & Truck Expense
Bridge Toll,Car & Truck Expense
Bridge Toll / Road Toll,Car & Truck Expense
Road Toll,Car & Truck Expense
Insurance / Car Insurance,Car & Truck Expense
Car Insurance,Car & Truck Expense
Insurance / Farming Equipment Insurance,Car & Truck Expense
Insurance,Car & Truck Expense
Farming Equipment Insurance,Car & Truck Expense
Chemicals / Agricultural Chemicals / Ag Chemicals,Chemicals
Chemicals,Chemicals
Chemicals / Agricultural Chemicals,Chemicals
Chemicals / Ag Chemicals,Chemicals
Agricultural Chemicals,Chemicals
Agricultural Chemicals / Ag Chemicals,Chemicals
Ag Chemicals,Chemicals
Trees / Windbreaks / Brush / Bushes,Conservation Expenses
Trees,Conservation Expenses
Trees / Windbreaks,Conservation Expenses
Trees / Brush,Conservation Expenses
Trees / Bushes,Conservation Expenses
Trees / Windbreaks / Brush,Conservation Expenses
Trees / Windbreaks / Bushes,Conservation Expenses
Trees / Brush / Bushes,Conservation Expenses
Windbreaks,Conservation Expenses
Windbreaks / Brush,Conservation Expenses
Windbreaks / Bushes,Conservation Expenses
Windbreaks / Brush / Bushes,Conservation Expenses
Brush,Conservation Expenses
Brush / Bushes,Conservation Expenses
Bushes,Conservation Expenses
Depreciation / Loss of Capital / Capital Lost to Time / Wear and Tear,Depreciation & Section 179 Expense
Depreciation,Depreciation & Section 179 Expense
Depreciation / Loss of Capital,Depreciation & Section 179 Expense
Depreciation / Capital Lost to Time,Depreciation & Section 179 Expense
Depreciation / Wear and Tear,Depreciation & Section 179 Expense
Depreciation / Loss of Capital / Capital Lost to Time,Depreciation & Section 179 Expense
Depreciation / Loss of Capital / Wear and Tear,Depreciation & Section 179 Expense
Depreciation / Capital Lost to Time / Wear and Tear,Depreciation & Section 179 Expense
Loss of Capital,Depreciation & Section 179 Expense
Loss of Capital / Capital Lost to Time,Depreciation & Section 179 Expense
Loss of Capital / Wear and Tear,Depreciation & Section 179 Expense
Loss of Capital / Capital Lost to Time / Wear and Tear,Depreciation & Section 179 Expense
Capital Lost to Time,Depreciation & Section 179 Expense
Capital Lost to Time / Wear and Tear,Depreciation & Section 179 Expense
Wear and Tear,Depreciation & Section 179 Expense
Benefits / Employee Benefits / Farm Hired Labor / Hired Labor / Labor / Employee,Employee Benefit Program
Benefits,Employee Benefit Program
Benefits / Employee Benefits,Employee Benefit Program
Benefits / Farm Hired Labor,Employee Benefit Program
Benefits / Hired Labor,Employee Benefit Program
Benefits / Labor,Employee Benefit Program
Benefits / Employee,Employee Benefit Program
Benefits / Employee Benefits / Farm Hired Labor,Employee Benefit Program
Benefits / Employee Benefits / Hired Labor,Employee Benefit Program
Benefits / Employee Benefits / Labor,Employee Benefit Program
Benefits / Employee Benefits / Employee,Employee Benefit Program
Benefits / Farm Hired Labor / Hired Labor,Employee Benefit Program
Benefits / Farm Hired Labor / Labor,Employee Benefit Program
Benefits / Farm Hired Labor / Employee,Employee Benefit Program
Benefits / Hired Labor / Labor,Employee Benefit Program
Benefits / Hired Labor / Employee,Employee Benefit Program
Benefits / Labor / Employee,Employee Benefit Program
Benefits / Employee Benefits / Farm Hired Labor / Hired Labor,Employee Benefit Program
Benefits / Employee Benefits / Farm Hired Labor / Labor,Employee Benefit Program
Benefits / Employee Benefits / Farm Hired Labor / Employee,Employee Benefit Program
Benefits / Employee Benefits / Hired Labor / Labor,Employee Benefit Program
Benefits / Employee Benefits  / Hired Labor / Employee,Employee Benefit Program
Benefits / Employee Benefits / Labor / Employee,Employee Benefit Program
Benefits / Farm Hired Labor / Hired Labor / Labor,Employee Benefit Program
Benefits / Farm Hired Labor / Hired Labor / Employee,Employee Benefit Program
Benefits / Hired Labor / Labor / Employee,Employee Benefit Program
Benefits / Employee Benefits / Farm Hired Labor / Hired Labor / Labor,Employee Benefit Program
Benefits / Employee Benefits / Farm Hired Labor / Hired Labor / Employee,Employee Benefit Program
Benefits / Employee Benefits / Farm Hired Labor / Labor / Employee,Employee Benefit Program
Benefits / Employee Benefits / Hired Labor / Labor / Employee,Employee Benefit Program
Benefits / Farm Hired Labor / Hired Labor / Labor / Employee,Employee Benefit Program
Employee Benefits,Employee Benefit Program
Employee Benefits / Farm Hired Labor,Employee Benefit Program
Employee Benefits / Hired Labor,Employee Benefit Program
Employee Benefits / Labor,Employee Benefit Program
Employee Benefits / Employee,Employee Benefit Program
Employee Benefits / Farm Hired Labor / Hired Labor,Employee Benefit Program
Employee Benefits / Farm Hired Labor / Labor,Employee Benefit Program
Employee Benefits / Farm Hired Labor / Employee,Employee Benefit Program
Employee Benefits / Hired Labor / Labor,Employee Benefit Program
Employee Benefits / Hired Labor / Employee,Employee Benefit Program
Employee Benefits / Labor / Employee,Employee Benefit Program
Employee Benefits / Farm Hired Labor / Hired Labor / Labor,Employee Benefit Program
Employee Benefits / Farm Hired Labor / Hired Labor / Employee,Employee Benefit Program
Employee Benefits / Farm Hired Labor / Labor / Employee,Employee Benefit Program
Employee Benefits / Hired Labor / Labor / Employee,Employee Benefit Program
Employee Benefits / Farm Hired Labor / Hired Labor / Labor / Employee,Employee Benefit Program
Farm Hired Labor,Employee Benefit Program
Farm Hired Labor / Hired Labor,Employee Benefit Program
Farm Hired Labor / Labor,Employee Benefit Program
Farm Hired Labor / Employee,Employee Benefit Program
Farm Hired Labor / Hired Labor / Labor,Employee Benefit Program
Farm Hired Labor / Hired Labor / Employee,Employee Benefit Program
Farm Hired Labor / Labor / Employee,Employee Benefit Program
Farm Hired Labor / Hired Labor / Labor / Employee,Employee Benefit Program
Hired Labor / Labor,Employee Benefit Program
Hired Labor / Employee,Employee Benefit Program
Hired Labor / Labor / Employee,Employee Benefit Program
Livestock Feed / Lamb Feed,Feed
Livestock Feed,Feed
Lamb Feed,Feed
Agricultural Limestone / Ag Lime / Agricultural Fertilizer / Fertilizer,Fertilizers & Lime
Agricultural Limestone,Fertilizers & Lime
Agricultural Limestone / Ag Lime,Fertilizers & Lime
Agricultural Limestone / Agricultural Fertilizer,Fertilizers & Lime
Agricultural Limestone / Fertilizer,Fertilizers & Lime
Agricultural Limestone / Ag Lime / Agricultural Fertilizer,Fertilizers & Lime
Agricultural Limestone / Ag Lime / Fertilizer,Fertilizers & Lime
Agricultural Limestone / Agricultural Fertilizer / Fertilizer,Fertilizers & Lime
Ag Lime,Fertilizers & Lime
Ag Lime / Agricultural Fertilizer,Fertilizers & Lime
Ag Lime / Fertilizer,Fertilizers & Lime
Ag Lime / Agricultural Fertilizer / Fertilizer,Fertilizers & Lime
Agricultural Fertilizer,Fertilizers & Lime
Agricultural Fertilizer / Fertilizer,Fertilizers & Lime
Fertilizer,Fertilizers & Lime
Transportation / Delivery / Grain Hauling,Freight & Trucking
Transportation,Freight & Trucking
Transportation / Delivery,Freight & Trucking
Transportation / Grain Hauling,Freight & Trucking
Delivery,Freight & Trucking
Delivery / Grain Hauling,Freight & Trucking
Grain Hauling,Freight & Trucking
Gas / Gasoline / Petrol / Petroleum / Fuel / Oil / Diesel,Gasoline Fuel & Oil
Gas,Gasoline Fuel & Oil
Gas / Gasoline,Gasoline Fuel & Oil
Gas / Petrol,Gasoline Fuel & Oil
Gas / Petroleum,Gasoline Fuel & Oil
Gas / Fuel,Gasoline Fuel & Oil
Gas / Oil,Gasoline Fuel & Oil
Gas / Diesel,Gasoline Fuel & Oil
Gas / Gasoline / Petrol,Gasoline Fuel & Oil
Gas / Gasoline / Petroleum,Gasoline Fuel & Oil
Gas / Gasoline / Fuel,Gasoline Fuel & Oil
Gas / Gasoline / Oil,Gasoline Fuel & Oil
Gas / Gasoline / Diesel,Gasoline Fuel & Oil
Gas / Petrol / Petroleum,Gasoline Fuel & Oil
Gas / Petrol / Fuel,Gasoline Fuel & Oil
Gas / Petrol / Oil,Gasoline Fuel & Oil
Gas / Petrol / Diesel,Gasoline Fuel & Oil
Gas / Petroleum / Fuel,Gasoline Fuel & Oil
Gas / Petroleum / Oil,Gasoline Fuel & Oil
Gas / Petroleum / Diesel,Gasoline Fuel & Oil
Gas / Fuel / Oil,Gasoline Fuel & Oil
Gas / Fuel / Diesel,Gasoline Fuel & Oil
Gas / Oil / Diesel,Gasoline Fuel & Oil
Gas / Gasoline / Petrol / Petroleum,Gasoline Fuel & Oil
Gas / Gasoline / Petrol / Fuel,Gasoline Fuel & Oil
Gas / Gasoline / Petrol / Oil,Gasoline Fuel & Oil
Gas / Gasoline / Petrol / Diesel,Gasoline Fuel & Oil
Gas / Gasoline / Petroleum / Fuel,Gasoline Fuel & Oil
Gas / Gasoline / Petroleum / Oil,Gasoline Fuel & Oil
Gas / Gasoline / Petroleum / Diesel,Gasoline Fuel & Oil
Gas / Gasoline / Fuel / Oil,Gasoline Fuel & Oil
Gas / Gasoline / Fuel / Diesel,Gasoline Fuel & Oil
Gas / Gasoline / Oil / Diesel,Gasoline Fuel & Oil
Gas / Petrol / Petroleum / Fuel,Gasoline Fuel & Oil
Gas / Petrol / Petroleum / Oil,Gasoline Fuel & Oil
Gas / Petrol / Petroleum / Diesel,Gasoline Fuel & Oil
Gas / Petrol / Fuel / Oil,Gasoline Fuel & Oil
Gas / Petrol / Fuel / Diesel,Gasoline Fuel & Oil
Gas / Petrol / Oil / Diesel,Gasoline Fuel & Oil
Gas / Petroleum / Fuel / Oil,Gasoline Fuel & Oil
Gas / Petroleum / Fuel / Diesel,Gasoline Fuel & Oil
Gas / Petroleum / Oil / Diesel,Gasoline Fuel & Oil
Gas / Fuel / Oil / Diesel,Gasoline Fuel & Oil
Gas / Gasoline / Petrol / Petroleum / Fuel,Gasoline Fuel & Oil
Gas / Gasoline / Petrol / Petroleum / Oil,Gasoline Fuel & Oil
Gas / Gasoline / Petrol / Petroleum / Diesel,Gasoline Fuel & Oil
Gas / Gasoline / Petrol / Fuel / Oil,Gasoline Fuel & Oil
Gas / Gasoline / Petrol / Fuel / Diesel,Gasoline Fuel & Oil
Gas / Gasoline / Petrol / Oil / Diesel,Gasoline Fuel & Oil
Gas / Gasoline / Petroleum / Fuel / Oil,Gasoline Fuel & Oil
Gas / Gasoline / Petroleum / Fuel / Diesel,Gasoline Fuel & Oil
Gas / Gasoline / Petroleum / Oil / Diesel,Gasoline Fuel & Oil
Gas / Petrol / Petroleum / Fuel / Oil,Gasoline Fuel & Oil
Gas / Petrol / Petroleum / Fuel / Diesel,Gasoline Fuel & Oil
Gas / Petrol / Petroleum / Oil / Diesel,Gasoline Fuel & Oil
Gas / Gasoline / Petrol / Petroleum / Fuel / Oil,Gasoline Fuel & Oil
Gas / Gasoline / Petrol / Petroleum / Fuel / Diesel,Gasoline Fuel & Oil
Gas / Gasoline / Petrol / Petroleum / Oil / Diesel,Gasoline Fuel & Oil
Gas / Gasoline / Petrol / Fuel / Oil / Diesel,Gasoline Fuel & Oil
Gas / Gasoline / Petroleum / Fuel / Oil / Diesel,Gasoline Fuel & Oil
Gas / Petrol / Petroleum / Fuel / Oil / Diesel,Gasoline Fuel & Oil
Gasoline,Gasoline Fuel & Oil
Gasoline / Petrol,Gasoline Fuel & Oil
Gasoline / Petroleum,Gasoline Fuel & Oil
Gasoline / Fuel,Gasoline Fuel & Oil
Gasoline / Oil,Gasoline Fuel & Oil
Gasoline / Diesel,Gasoline Fuel & Oil
Gasoline / Petrol / Petroleum,Gasoline Fuel & Oil
Gasoline / Petrol / Fuel,Gasoline Fuel & Oil
Gasoline / Petrol / Oil,Gasoline Fuel & Oil
Gasoline / Petrol / Diesel,Gasoline Fuel & Oil
Gasoline / Petroleum / Fuel,Gasoline Fuel & Oil
Gasoline / Petroleum / Oil,Gasoline Fuel & Oil
Gasoline / Petroleum / Diesel,Gasoline Fuel & Oil
Gasoline / Fuel / Oil,Gasoline Fuel & Oil
Gasoline / Fuel / Diesel,Gasoline Fuel & Oil
Gasoline / Oil / Diesel,Gasoline Fuel & Oil
Gasoline / Petrol / Petroleum / Fuel,Gasoline Fuel & Oil
Gasoline / Petrol / Petroleum / Oil,Gasoline Fuel & Oil
Gasoline / Petrol / Petroleum / Diesel,Gasoline Fuel & Oil
Gasoline / Petrol / Fuel / Oil,Gasoline Fuel & Oil
Gasoline / Petrol / Fuel / Diesel,Gasoline Fuel & Oil
Gasoline / Petrol / Oil / Diesel,Gasoline Fuel & Oil
Gasoline / Petroleum / Fuel / Oil,Gasoline Fuel & Oil
Gasoline / Petroleum / Fuel / Diesel,Gasoline Fuel & Oil
Gasoline / Petroleum / Oil / Diesel,Gasoline Fuel & Oil
Gasoline / Fuel / Oil / Diesel,Gasoline Fuel & Oil
Gasoline / Petrol / Petroleum / Fuel / Oil,Gasoline Fuel & Oil
Gasoline / Petrol / Petroleum / Fuel / Diesel,Gasoline Fuel & Oil
Gasoline / Petrol / Petroleum / Oil / Diesel,Gasoline Fuel & Oil
Gasoline / Petrol / Fuel / Oil / Diesel,Gasoline Fuel & Oil
Gasoline / Petroleum / Fuel / Oil / Diesel,Gasoline Fuel & Oil
Gasoline / Petrol / Petroleum / Fuel / Oil / Diesel,Gasoline Fuel & Oil
Petrol,Gasoline Fuel & Oil
Petrol / Petroleum,Gasoline Fuel & Oil
Petrol / Fuel,Gasoline Fuel & Oil
Petrol / Oil,Gasoline Fuel & Oil
Petrol / Diesel,Gasoline Fuel & Oil
Petrol / Petroleum / Fuel,Gasoline Fuel & Oil
Petrol / Petroleum / Oil,Gasoline Fuel & Oil
Petrol / Petroleum / Diesel,Gasoline Fuel & Oil
Petrol / Fuel / Oil,Gasoline Fuel & Oil
Petrol / Fuel / Diesel,Gasoline Fuel & Oil
Petrol / Oil / Diesel,Gasoline Fuel & Oil
Petrol / Petroleum / Fuel / Oil,Gasoline Fuel & Oil
Petrol / Petroleum / Fuel / Diesel,Gasoline Fuel & Oil
Petrol / Petroleum / Oil / Diesel,Gasoline Fuel & Oil
Petrol / Fuel / Oil / Diesel,Gasoline Fuel & Oil
Petrol / Petroleum / Fuel / Oil / Diesel,Gasoline Fuel & Oil
Petroleum,Gasoline Fuel & Oil
Petroleum / Fuel,Gasoline Fuel & Oil
Petroleum / Oil,Gasoline Fuel & Oil
Petroleum / Diesel,Gasoline Fuel & Oil
Petroleum / Fuel / Oil,Gasoline Fuel & Oil
Petroleum / Fuel / Diesel,Gasoline Fuel & Oil
Petroleum / Oil / Diesel,Gasoline Fuel & Oil
Petroleum / Fuel / Oil / Diesel,Gasoline Fuel & Oil
Fuel,Gasoline Fuel & Oil
Fuel / Oil,Gasoline Fuel & Oil
Fuel / Diesel,Gasoline Fuel & Oil
Fuel / Oil / Diesel,Gasoline Fuel & Oil
Oil / Diesel,Gasoline Fuel & Oil
Diesel,Gasoline Fuel & Oil
Insurance / Lease Insurance / Renter's Insurance / Farming Equipment Insurance / Animal Insurance / Livestock Insurance,Insurance (other than health)
Insurance / Lease Insurance,Insurance (other than health)
Insurance / Renter's Insurance,Insurance (other than health)
Insurance / Animal Insurance,Insurance (other than health)
Insurance / Livestock Insurance,Insurance (other than health)
Insurance / Lease Insurance / Renter's Insurance,Insurance (other than health)
Insurance / Lease Insurance / Farming Equipment Insurance,Insurance (other than health)
Insurance / Lease Insurance / Animal Insurance,Insurance (other than health)
Insurance / Lease Insurance / Livestock Insurance,Insurance (other than health)
Insurance / Renter's Insurance / Farming Equipment Insurance,Insurance (other than health)
Insurance / Renter's Insurance / Animal Insurance,Insurance (other than health)
Insurance / Renter's Insurance / Livestock Insurance,Insurance (other than health)
Insurance / Farming Equipment Insurance / Animal Insurance,Insurance (other than health)
Insurance / Farming Equipment Insurance / Livestock Insurance,Insurance (other than health)
Insurance / Animal Insurance / Livestock Insurance,Insurance (other than health)
Insurance / Lease Insurance / Renter's Insurance / Farming Equipment Insurance,Insurance (other than health)
Insurance / Lease Insurance / Renter's Insurance / Animal Insurance,Insurance (other than health)
Insurance / Lease Insurance / Renter's Insurance / Livestock Insurance,Insurance (other than health)
Insurance / Lease Insurance / Farming Equipment Insurance / Animal Insurance,Insurance (other than health)
Insurance / Lease Insurance / Farming Equipment Insurance / Livestock Insurance,Insurance (other than health)
Insurance / Lease Insurance / Animal Insurance / Livestock Insurance,Insurance (other than health)
Insurance / Renter's Insurance / Farming Equipment Insurance / Animal Insurance,Insurance (other than health)
Insurance / Renter's Insurance / Farming Equipment Insurance / Livestock Insurance,Insurance (other than health)
Insurance / Renter's Insurance / Animal Insurance / Livestock Insurance,Insurance (other than health)
Insurance / Farming Equipment Insurance / Animal Insurance / Livestock Insurance,Insurance (other than health)
Insurance / Lease Insurance / Renter's Insurance / Farming Equipment Insurance / Animal Insurance,Insurance (other than health)
Insurance / Lease Insurance / Renter's Insurance / Farming Equipment Insurance / Livestock Insurance,Insurance (other than health)
Insurance / Lease Insurance / Renter's Insurance / Animal Insurance / Livestock Insurance,Insurance (other than health)
Insurance / Lease Insurance / Farming Equipment Insurance / Animal Insurance / Livestock Insurance,Insurance (other than health)
Insurance / Renter's Insurance / Farming Equipment Insurance / Animal Insurance / Livestock Insurance,Insurance (other than health)
Lease Insurance,Insurance (other than health)
Lease Insurance / Renter's Insurance,Insurance (other than health)
Lease Insurance / Farming Equipment Insurance,Insurance (other than health)
Lease Insurance / Animal Insurance,Insurance (other than health)
Lease Insurance / Livestock Insurance,Insurance (other than health)
Lease Insurance / Renter's Insurance / Farming Equipment Insurance,Insurance (other than health)
Lease Insurance / Renter's Insurance / Animal Insurance,Insurance (other than health)
Lease Insurance / Renter's Insurance / Livestock Insurance,Insurance (other than health)
Lease Insurance / Farming Equipment Insurance / Animal Insurance,Insurance (other than health)
Lease Insurance / Farming Equipment Insurance / Livestock Insurance,Insurance (other than health)
Lease Insurance / Animal Insurance / Livestock Insurance,Insurance (other than health)
Lease Insurance / Renter's Insurance / Farming Equipment Insurance / Animal Insurance,Insurance (other than health)
Lease Insurance / Renter's Insurance / Farming Equipment Insurance / Livestock Insurance,Insurance (other than health)
Lease Insurance / Renter's Insurance / Animal Insurance / Livestock Insurance,Insurance (other than health)
Lease Insurance / Farming Equipment Insurance / Animal Insurance / Livestock Insurance,Insurance (other than health)
Lease Insurance / Renter's Insurance / Farming Equipment Insurance / Animal Insurance / Livestock Insurance,Insurance (other than health)
Renter's Insurance,Insurance (other than health)
Renter's Insurance / Farming Equipment Insurance,Insurance (other than health)
Renter's Insurance / Animal Insurance,Insurance (other than health)
Renter's Insurance / Livestock Insurance,Insurance (other than health)
Renter's Insurance / Farming Equipment Insurance / Animal Insurance,Insurance (other than health)
Renter's Insurance / Farming Equipment Insurance / Livestock Insurance,Insurance (other than health)
Renter's Insurance / Animal Insurance / Livestock Insurance,Insurance (other than health)
Renter's Insurance / Farming Equipment Insurance / Animal Insurance / Livestock Insurance,Insurance (other than health)
Farming Equipment Insurance / Animal Insurance,Insurance (other than health)
Farming Equipment Insurance / Livestock Insurance,Insurance (other than health)
Farming Equipment Insurance / Animal Insurance / Livestock Insurance,Insurance (other than health)
Animal Insurance,Insurance (other than health)
Animal Insurance / Livestock Insurance,Insurance (other than health)
Livestock Insurance,Insurance (other than health)
Insurance / Property Insurance,Insurance (other than health)
Property Insurance,Insurance (other than health)
Loan for Farm,Interest on Loans & Mortgages
Tractor/Equipment Purchases,Interest on Loans & Mortgages
Tractor,Interest on Loans & Mortgages
Equipment Purchases,Interest on Loans & Mortgages
Pension / Profit-sharing / Labor / Employee / Salary Workers / Workers / Hired Labor,Pension and Profit-sharing Plan
Pension,Pension and Profit-sharing Plan
Pension / Profit-sharing,Pension and Profit-sharing Plan
Pension / Labor,Pension and Profit-sharing Plan
Pension / Employee,Pension and Profit-sharing Plan
Pension / Salary Workers,Pension and Profit-sharing Plan
Pension / Workers,Pension and Profit-sharing Plan
Pension / Hired Labor,Pension and Profit-sharing Plan
Pension / Profit-sharing / Labor,Pension and Profit-sharing Plan
Pension / Profit-sharing / Employee,Pension and Profit-sharing Plan
Pension / Profit-sharing / Salary Workers,Pension and Profit-sharing Plan
Pension / Profit-sharing / Workers,Pension and Profit-sharing Plan
Pension / Profit-sharing / Hired Labor,Pension and Profit-sharing Plan
Pension / Labor / Employee,Pension and Profit-sharing Plan
Pension / Labor / Salary Workers,Pension and Profit-sharing Plan
Pension / Labor / Workers,Pension and Profit-sharing Plan
Pension / Labor / Hired Labor,Pension and Profit-sharing Plan
Pension / Employee / Salary Workers,Pension and Profit-sharing Plan
Pension / Employee / Workers,Pension and Profit-sharing Plan
Pension / Employee / Hired Labor,Pension and Profit-sharing Plan
Pension / Salary Workers / Workers,Pension and Profit-sharing Plan
Pension / Salary Workers / Hired Labor,Pension and Profit-sharing Plan
Pension / Workers / Hired Labor,Pension and Profit-sharing Plan
Pension / Profit-sharing / Labor / Employee,Pension and Profit-sharing Plan
Pension / Profit-sharing / Labor / Salary Workers,Pension and Profit-sharing Plan
Pension / Profit-sharing / Labor / Workers,Pension and Profit-sharing Plan
Pension / Profit-sharing / Labor / Hired Labor,Pension and Profit-sharing Plan
Pension / Profit-sharing / Employee / Salary Workers,Pension and Profit-sharing Plan
Pension / Profit-sharing / Employee / Workers,Pension and Profit-sharing Plan
Pension / Profit-sharing / Employee / Hired Labor,Pension and Profit-sharing Plan
Pension / Profit-sharing / Salary Workers / Workers,Pension and Profit-sharing Plan
Pension / Profit-sharing / Salary Workers / Hired Labor,Pension and Profit-sharing Plan
Pension / Profit-sharing / Workers / Hired Labor,Pension and Profit-sharing Plan
Pension / Labor / Employee / Salary Workers,Pension and Profit-sharing Plan
Pension / Labor / Employee / Workers,Pension and Profit-sharing Plan
Pension / Labor / Employee / Hired Labor,Pension and Profit-sharing Plan
Pension / Labor / Salary Workers / Workers,Pension and Profit-sharing Plan
Pension / Labor / Salary Workers / Hired Labor,Pension and Profit-sharing Plan
Pension / Labor / Workers / Hired Labor,Pension and Profit-sharing Plan
Pension / Employee / Salary Workers / Workers,Pension and Profit-sharing Plan
Pension / Employee / Salary Workers / Hired Labor,Pension and Profit-sharing Plan
Pension / Employee / Workers / Hired Labor,Pension and Profit-sharing Plan
Pension / Salary Workers / Workers / Hired Labor,Pension and Profit-sharing Plan
Pension / Profit-sharing / Labor / Employee / Salary Workers,Pension and Profit-sharing Plan
Pension / Profit-sharing / Labor / Employee / Workers,Pension and Profit-sharing Plan
Pension / Profit-sharing / Labor / Employee / Hired Labor,Pension and Profit-sharing Plan
Pension / Profit-sharing / Labor / Salary Workers / Workers,Pension and Profit-sharing Plan
Pension / Profit-sharing / Labor / Salary Workers / Hired Labor,Pension and Profit-sharing Plan
Pension / Profit-sharing / Labor / Workers / Hired Labor,Pension and Profit-sharing Plan
Pension / Profit-sharing / Employee / Salary Workers / Workers,Pension and Profit-sharing Plan
Pension / Profit-sharing / Employee / Salary Workers / Hired Labor,Pension and Profit-sharing Plan
Pension / Profit-sharing / Employee / Workers / Hired Labor,Pension and Profit-sharing Plan
Pension / Labor / Employee / Salary Workers / Workers,Pension and Profit-sharing Plan
Pension / Labor / Employee / Salary Workers / Hired Labor,Pension and Profit-sharing Plan
Pension / Labor / Employee / Workers / Hired Labor,Pension and Profit-sharing Plan
Pension / Profit-sharing / Labor / Employee / Salary Workers / Workers,Pension and Profit-sharing Plan
Pension / Profit-sharing / Labor / Employee / Salary Workers / Hired Labor,Pension and Profit-sharing Plan
Pension / Profit-sharing / Labor / Employee / Workers / Hired Labor,Pension and Profit-sharing Plan
Pension / Profit-sharing / Labor / Salary Workers / Workers / Hired Labor,Pension and Profit-sharing Plan
Pension / Profit-sharing / Employee / Salary Workers / Workers / Hired Labor,Pension and Profit-sharing Plan
Pension / Labor / Employee / Salary Workers / Workers / Hired Labor,Pension and Profit-sharing Plan
Profit-sharing,Pension and Profit-sharing Plan
Profit-sharing / Labor,Pension and Profit-sharing Plan
Profit-sharing / Employee,Pension and Profit-sharing Plan
Profit-sharing / Salary Workers,Pension and Profit-sharing Plan
Profit-sharing / Workers,Pension and Profit-sharing Plan
Profit-sharing / Hired Labor,Pension and Profit-sharing Plan
Profit-sharing / Labor / Employee,Pension and Profit-sharing Plan
Profit-sharing / Labor / Salary Workers,Pension and Profit-sharing Plan
Profit-sharing / Labor / Workers,Pension and Profit-sharing Plan
Profit-sharing / Labor / Hired Labor,Pension and Profit-sharing Plan
Profit-sharing / Employee / Salary Workers,Pension and Profit-sharing Plan
Profit-sharing / Employee / Hired Labor,Pension and Profit-sharing Plan
Profit-sharing / Salary Workers / Workers,Pension and Profit-sharing Plan
Profit-sharing / Salary Workers / Hired Labor,Pension and Profit-sharing Plan
Profit-sharing / Workers / Hired Labor,Pension and Profit-sharing Plan
Profit-sharing / Labor / Employee / Salary Workers,Pension and Profit-sharing Plan
Profit-sharing / Labor / Employee / Workers,Pension and Profit-sharing Plan
Profit-sharing / Labor / Employee / Hired Labor,Pension and Profit-sharing Plan
Profit-sharing / Labor / Salary Workers / Workers,Pension and Profit-sharing Plan
Profit-sharing / Labor / Salary Workers / Hired Labor,Pension and Profit-sharing Plan
Profit-sharing / Labor / Workers / Hired Labor,Pension and Profit-sharing Plan
Profit-sharing / Employee / Salary Workers / Workers,Pension and Profit-sharing Plan
Profit-sharing / Employee / Salary Workers / Hired Labor,Pension and Profit-sharing Plan
Profit-sharing / Employee / Workers / Hired Labor,Pension and Profit-sharing Plan
Profit-sharing / Salary Workers / Workers / Hired Labor,Pension and Profit-sharing Plan
Profit-sharing / Labor / Employee / Salary Workers / Workers,Pension and Profit-sharing Plan
Profit-sharing / Labor / Employee / Salary Workers / Hired Labor,Pension and Profit-sharing Plan
Profit-sharing / Labor / Employee / Workers / Hired Labor,Pension and Profit-sharing Plan
Profit-sharing / Labor / Salary Workers / Workers / Hired Labor,Pension and Profit-sharing Plan
Profit-sharing / Employee / Salary Workers / Workers / Hired Labor,Pension and Profit-sharing Plan
Profit-sharing / Labor / Employee / Salary Workers / Workers / Hired Labor,Pension and Profit-sharing Plan
Labor,Pension and Profit-sharing Plan
Labor / Employee,Pension and Profit-sharing Plan
Labor / Salary Workers,Pension and Profit-sharing Plan
Labor / Workers,Pension and Profit-sharing Plan
Labor / Hired Labor,Pension and Profit-sharing Plan
Labor / Employee / Salary Workers,Pension and Profit-sharing Plan
Labor / Employee / Workers,Pension and Profit-sharing Plan
Labor / Employee / Hired Labor,Pension and Profit-sharing Plan
Labor / Salary Workers / Workers,Pension and Profit-sharing Plan
Labor / Salary Workers / Hired Labor,Pension and Profit-sharing Plan
Labor / Workers / Hired Labor,Pension and Profit-sharing Plan
Labor / Employee / Salary Workers / Workers,Pension and Profit-sharing Plan
Labor / Employee / Salary Workers / Hired Labor,Pension and Profit-sharing Plan
Labor / Employee / Workers / Hired Labor,Pension and Profit-sharing Plan
Labor / Salary Workers / Workers / Hired Labor,Pension and Profit-sharing Plan
Labor / Employee / Salary Workers / Workers / Hired Labor,Pension and Profit-sharing Plan
Employee,Pension and Profit-sharing Plan
Employee / Salary Workers,Pension and Profit-sharing Plan
Employee / Workers,Pension and Profit-sharing Plan
Employee / Hired Labor,Pension and Profit-sharing Plan
Employee / Salary Workers / Workers,Pension and Profit-sharing Plan
Employee / Salary Workers / Hired Labor,Pension and Profit-sharing Plan
Employee / Workers / Hired Labor,Pension and Profit-sharing Plan
Employee / Salary Workers / Workers / Hired Labor,Pension and Profit-sharing Plan
Salary Workers,Pension and Profit-sharing Plan
Salary Workers / Workers,Pension and Profit-sharing Plan
Salary Workers / Hired Labor,Pension and Profit-sharing Plan
Salary Workers / Workers / Hired Labor,Pension and Profit-sharing Plan
Workers,Pension and Profit-sharing Plan
Workers / Hired Labor,Pension and Profit-sharing Plan
Hired Labor,Pension and Profit-sharing Plan
Rental / Rent / Rent Payment / Lease /  Lease Payment,Land & Animal Rent or Lease
Rental,Land & Animal Rent or Lease
Rental / Rent,Land & Animal Rent or Lease
Rental / Rent Payment,Land & Animal Rent or Lease
Rental / Lease,Land & Animal Rent or Lease
Rental / Lease Payment,Land & Animal Rent or Lease
Rental / Rent / Rent Payment,Land & Animal Rent or Lease
Rental / Rent / Lease,Land & Animal Rent or Lease
Rental / Rent / Lease Payment,Land & Animal Rent or Lease
Rental / Rent Payment / Lease,Land & Animal Rent or Lease
Rental / Rent Payment / Lease Payment,Land & Animal Rent or Lease
Rental / Lease /  Lease Payment,Land & Animal Rent or Lease
Rental / Rent / Rent Payment / Lease,Land & Animal Rent or Lease
Rental / Rent / Rent Payment /  Lease Payment,Land & Animal Rent or Lease
Rental / Rent / Lease /  Lease Payment,Land & Animal Rent or Lease
Rental / Rent Payment / Lease /  Lease Payment,Land & Animal Rent or Lease
Rent,Land & Animal Rent or Lease
Rent / Rent Payment,Land & Animal Rent or Lease
Rent / Lease,Land & Animal Rent or Lease
Rent / Lease Payment,Land & Animal Rent or Lease
Rent / Rent Payment / Lease,Land & Animal Rent or Lease
Rent / Rent Payment /  Lease Payment,Land & Animal Rent or Lease
Rent / Lease /  Lease Payment,Land & Animal Rent or Lease
Rent / Rent Payment / Lease /  Lease Payment,Land & Animal Rent or Lease
Rent Payment,Land & Animal Rent or Lease
Rent Payment / Lease,Land & Animal Rent or Lease
Rent Payment /  Lease Payment,Land & Animal Rent or Lease
Rent Payment / Lease /  Lease Payment,Land & Animal Rent or Lease
Lease,Land & Animal Rent or Lease
Lease /  Lease Payment,Land & Animal Rent or Lease
Lease Payment,Land & Animal Rent or Lease
Wheat Seeds / Seeds,Seeds & Plants
Wheat Seeds,Seeds & Plants
Seeds,Seeds & Plants
Farm House Loan / Farm Loan,Storage & Warehousing
Farm House Loan,Storage & Warehousing
Farm Loan,Storage & Warehousing
Tools,Supplies
Property Taxes / Landowner Taxes / Taxes,Property Taxes
Property Taxes,Property Taxes
Property Taxes / Landowner Taxes,Property Taxes
Property Taxes / Taxes,Property Taxes
Landowner Taxes / Taxes,Property Taxes
Landowner Taxes,Property Taxes
Taxes,Property Taxes
Vet & Medicine,Veterinery Breeding & Medicines
Vet,Veterinery Breeding & Medicines
Medicine,Veterinery Breeding & Medicines
Electricity / Power,Utility
Electricity,Utility
Power,Utility
Water / Plubming,Utility
Water,Utility
Plubming,Utility
Phone / Cell Phone / Telephone / Cell-Phone / Land-Line / Landline,Utility
Phone,Utility
Phone / Cell Phone,Utility
Phone / Telephone,Utility
Phone / Cell-Phone,Utility
Phone / Land-Line,Utility
Phone / Landline,Utility
Phone / Cell Phone / Telephone,Utility
Phone / Cell Phone / Cell-Phone,Utility
Phone / Cell Phone / Land-Line,Utility
Phone / Cell Phone / Landline,Utility
Phone / Telephone / Cell-Phone,Utility
Phone / Telephone / Land-Line,Utility
Phone / Telephone / Landline,Utility
Phone / Cell-Phone / Land-Line,Utility
Phone / Cell-Phone / Landline,Utility
Phone / Land-Line / Landline,Utility
Phone / Cell Phone / Telephone / Cell-Phone,Utility
Phone / Cell Phone / Telephone / Land-Line,Utility
Phone / Cell Phone / Telephone / Landline,Utility
Phone / Cell Phone / Cell-Phone / Land-Line,Utility
Phone / Cell Phone / Cell-Phone / Landline,Utility
Phone / Cell Phone / Land-Line / Landline,Utility
Phone / Telephone / Cell-Phone / Land-Line,Utility
Phone / Telephone / Cell-Phone / Landline,Utility
Phone / Telephone / Land-Line / Landline,Utility
Phone / Cell-Phone / Land-Line / Landline,Utility
Phone / Cell Phone / Telephone / Cell-Phone / Land-Line,Utility
Phone / Cell Phone / Telephone / Cell-Phone / Landline,Utility
Phone / Cell Phone / Telephone / Land-Line / Landline,Utility
Phone / Cell Phone / Cell-Phone / Land-Line / Landline,Utility
Phone / Telephone / Cell-Phone / Land-Line / Landline,Utility
Cell Phone,Utility
Cell Phone / Telephone,Utility
Cell Phone / Cell-Phone,Utility
Cell Phone / Land-Line,Utility
Cell Phone / Landline,Utility
Cell Phone / Telephone / Cell-Phone,Utility
Cell Phone / Telephone / Land-Line,Utility
Cell Phone / Telephone / Landline,Utility
Cell Phone / Cell-Phone / Land-Line,Utility
Cell Phone / Cell-Phone / Landline,Utility
Cell Phone / Telephone / Cell-Phone / Land-Line,Utility
Cell Phone / Telephone / Cell-Phone / Landline,Utility
Cell Phone / Telephone / Land-Line / Landline,Utility
Cell Phone / Cell-Phone / Land-Line / Landline,Utility
Cell Phone / Telephone / Cell-Phone / Land-Line / Landline,Utility
Telephone,Utility
Telephone / Cell-Phone,Utility
Telephone / Land-Line,Utility
Telephone / Landline,Utility
Telephone / Cell-Phone / Land-Line,Utility
Telephone / Cell-Phone / Landline,Utility
Telephone / Land-Line / Landline,Utility
Telephone / Cell-Phone / Land-Line / Landline,Utility
Cell-Phone,Utility
Cell-Phone / Land-Line,Utility
Cell-Phone / Landline,Utility
Cell-Phone / Land-Line / Landline,Utility
Land-Line,Utility
Land-Line / Landline,Utility
Landline,Utility
Natural Gas / Gas / Heating / Kerosene / Lamp Oil,Utility
Natural Gas,Utility
Natural Gas / Gas,Utility
Natural Gas / Heating,Utility
Natural Gas / Kerosene,Utility
Natural Gas / Lamp Oil,Utility
Natural Gas / Gas / Heating,Utility
Natural Gas / Gas / Kerosene,Utility
Natural Gas / Gas / Lamp Oil,Utility
Natural Gas / Heating / Kerosene,Utility
Natural Gas / Heating / Lamp Oil,Utility
Natural Gas / Kerosene / Lamp Oil,Utility
Natural Gas / Gas / Heating / Kerosene,Utility
Natural Gas / Gas / Heating / Lamp Oil,Utility
Natural Gas / Gas / Kerosene / Lamp Oil,Utility
Natural Gas / Heating / Kerosene / Lamp Oil,Utility
Gas / Heating,Utility
Gas / Kerosene,Utility
Gas / Lamp Oil,Utility
Gas / Heating / Kerosene,Utility
Gas / Heating / Lamp Oil,Utility
Gas / Kerosene / Lamp Oil,Utility
Gas / Heating / Kerosene / Lamp Oil,Utility
Heating,Utility
Heating / Kerosene,Utility
Heating / Lamp Oil,Utility
Heating / Kerosene / Lamp Oil,Utility
Kerosene,Utility
Kerosene / Lamp Oil,Utility
Lamp Oil,Utility
Wastewater / Sewage,Utility
Wastewater,Utility
Sewage,Utility
Heifer Purchases,Cost of Goods Sold
Accountant,Other Expenses: Miscellaneous
Attorney / Sewer / Educational Workshops / Well,Other Expenses: Other Miscellaneous
Attorney,Other Expenses: Other Miscellaneous
Attorney / Sewer,Other Expenses: Other Miscellaneous
Attorney / Educational Workshops,Other Expenses: Other Miscellaneous
Attorney / Well,Other Expenses: Other Miscellaneous
Attorney / Sewer / Educational Workshops,Other Expenses: Other Miscellaneous
Attorney / Sewer / Well,Other Expenses: Other Miscellaneous
Attorney / Educational Workshops / Well,Other Expenses: Other Miscellaneous
Sewer,Other Expenses: Other Miscellaneous
Sewer / Educational Workshops,Other Expenses: Other Miscellaneous
Sewer / Well,Other Expenses: Other Miscellaneous
Sewer / Educational Workshops / Well,Other Expenses: Other Miscellaneous
Educational Workshops,Other Expenses: Other Miscellaneous
Educational Workshops / Well,Other Expenses: Other Miscellaneous
Well,Other Expenses: Other Miscellaneous
,Ag program payments
,Agricultural program payments
,Commodity Credit Corporation
,federal crop disaster payments
,"Rent and leases: Machinery, equipment and vehicles"
,Specified Custom Hire Income
,Other Income
